Id,NAME,ADDRESS,CITY,STATE,ZIP,LAT,LON,PHONE,REVENUE,UTILIZATION
74ab949d-17ac-3309-83a0-13b4405c66aa,Fitchburg Outpatient Clinic,881 Main Street,Fitchburg,MA,01420,42.586487,-71.80521,978-342-9781 Or 978-342-9781,0.0,266
faffaf6a-ee1a-3673-b0b0-421a9c249244,ACTIVATED BY WELLNESS LLC,66 WASHINGTON ST,STOUGHTON,MA,020722571,42.14415820061801,-71.10378319512402,6178719807,0.0,82
17a4bae5-8b64-34d7-8144-b428be027bd0,NURSE ON CALL,512 MAIN STREET  SUITE 211,SHREWSBURY,MA,015456406,42.295109499999995,-71.71808471110307,5088451232,0.0,99
4112b8b1-59df-3255-a7ca-f42ee0a4cb2e,CAPE HERITAGE REHABILITATION & HEALTH CARE CENTER,37 ROUTE 6A,SANDWICH,MA,025631801,41.766329400000004,-70.5147600346998,5088888222,0.0,1
e09d4c49-c2ef-3b0f-9a46-3719d9219306,UMASS MEMORIAL HEALTHALLIANCE CLINTON HOSPITAL INC,60 HOSPITAL RD,LEOMINSTER,MA,014533290,42.54031915,-71.76312990486304,9784662000,0.0,31
ef5390b4-cba5-3d83-96db-af783a7adb43,MERRIMACK VALLEY HOSPICE INC,360 MERRIMACK ST,MALDEN,MA,021482329,42.4250964,-71.066163,9785524000,0.0,2
77645e49-3f69-3d1d-bb93-dc65210e2fac,SOUTHCOAST HOSPITALS GROUP INC,363 HIGHLAND AVE,FALL RIVER,MA,027205246,41.7093779,-71.1460783680883,5086793131,0.0,341
aa682136-a4df-3942-9f50-e6fcee6c0b73,SOUTHWOOD AT NORWELL NURSING CTR,501 CORDWAINER DRIVE,NORWELL,MA,020611630,42.1647071,-70.88149077838713,7819827450,0.0,19
d2284f74-b6da-3a15-9791-84cdf2db18fb,EAST FALMOUTH FAMILY PRACTICE PC,331 E FALMOUTH HWY,E FALMOUTH,MA,025366039,41.57853245,-70.5617374807812,5084950704,0.0,51
a58ec72a-cf43-3de5-88c1-de2fbec976a5,EASTPOINTE REHAB CENTER LLC,255 CENTRAL AVE,CHELSEA,MA,021503508,42.38804035,-71.02650270378646,6178845700,0.0,1
a418cf76-2ee3-3736-a752-29ee33e86015,COMMUNITY NURSE HOME CARE  INC.,62 CENTER STREET,FAIRHAVEN,MA,027193823,41.63663425,-70.90101829397507,5089926278,0.0,3
ab701a70-a658-340e-8f69-ee196a7d40c6,CAREWELL URGENT CARE CENTERS OF MA  PC,484 RTE 134,WORCESTER,MA,016071728,42.2625621,-71.8018877,5086947901,0.0,50
11ba6a26-59b4-3728-a268-6dc9929962b4,COURTYARD NURSING CARE CENTER,200 GOVERNORS AVENUE,MEDFORD,MA,021551644,42.42711615,-71.1121606632448,7813915400,0.0,25
88e28a1c-aad9-36d0-832b-b579ecb95c3d,LEOMINSTER COMUNITY HEALTH CENTER,14 MANNING AVENUE,LEOMINSTER,MA,014535768,42.5253035,-71.7584413,9788470110,0.0,49
52ecddd8-42f6-35cc-88a5-cf474c02fb49,LIFE CARE CENTER OF PLYMOUTH,94 OBERY STREET,PLYMOUTH,MA,023602130,41.93725,-70.65503160208334,5087479800,0.0,6
fa564970-fde4-332c-91d9-c0747b032d3e,RIVERBEND OF SOUTH NATICK,34 SOUTH LINCOLN STREET,NATICK,MA,017606049,42.2731232,-71.3105334275248,5086538330,0.0,4
667b46fe-0afa-3f70-a311-bbe3d52db050,URGENT CARE CENTERS OF CENTRAL MASSACHUSETTS LLC,757 BOSTON POST RD,WORCESTER,MA,016071728,42.231371,-72.165386,6173024194,0.0,4
bdc3ee76-9cf3-316d-b202-a8da1ea3fa20,KINDRED HOSPICE,130 RUMFORD AVENUE  SUITE 211,AUBURNDALE,MA,024661370,42.35853505,-71.24125521214887,6176634997,0.0,8
7f08f09e-c5f7-38cd-83ba-ddafedd88a13,VERO HEALTH XVII  LLC,133 SALEM ST,REVERE,MA,021511114,42.43833805,-71.01730877599738,7813224861,0.0,2
40c01d75-1542-3e0b-8e5f-78d3031beba1,PIONEER MEDICAL CENTER,505 PARADISE RD,SALEM,MA,019704267,42.485927,-70.900301,9787459449,0.0,42
1ddd51d1-7297-3c3b-bad5-98aecd5e4a79,BAYADA HOME HEALTH CARE  INC,127 CAMBRIDGE STREET  SUTIE #2B,BURLINGTON,MA,018033735,42.50188325,-71.19559351572005,6174721333,0.0,1
93c3d861-e05d-33b9-91eb-1768470229d7,PAIN AND WELLNESS CENTER,10 CENTENNIAL DR,PEABODY,MA,019607938,42.5261827,-70.9529896,9788267230,0.0,96
2e1eaaf1-ebb0-332c-8921-f48e15b91879,ALLIANCE HEALTH AT MARINA BAY,2 SEAPORT DRIVE,QUINCY,MA,021711599,42.29287335,-71.03019020136307,6177695100,0.0,1
f6a306cf-7bd6-35f4-a6b7-2d07d273914c,APPLE MEDICAL CLINIC MA INC,63 FOUNTAIN ST STE 402,FRAMINGHAM,MA,017026280,42.27595495,-71.42631150114194,5088611150,0.0,31
32fcdfba-8c93-30f4-b15b-dd3b65c29deb,ELAINE CENTER AT HADLEY,20 NORTH MAPLE STREET,HADLEY,MA,010359715,42.3615107,-72.55261320852942,4135845057,0.0,4
0ddb0329-b59d-3187-874c-602c649249c8,BAYSTATE NOBLE HOSPITAL CORPORATION,115 W SILVER ST,WESTFIELD,MA,010853678,42.1178811,-72.75935246865802,4135682811,0.0,119
1e3ca321-fbbb-3546-b9ea-c3761a20324a,Worcester Outpatient Clinic,605 Lincoln Street,Worcester,MA,01605,42.297756,-71.766815,508-856-0104 Or 508-856-0104,0.0,645
02c936e2-3aee-38b2-88a4-81f3689b7bb7,BENJAMIN HEALTHCARE CENTER,120 FISHER AVENUE,BOSTON,MA,021203320,42.3276141,-71.1051603,6177381500,0.0,11
609ec9f1-e806-3427-b912-9e3b2915521d,HOLYOKE VISITING NURSE ASSOC,575 BEECH STREET,HOLYOKE,MA,010406604,42.20105435,-72.628169560868,4135345691,0.0,2
5fa5e611-be3d-3ebb-8f71-124325f6005f,LEAP INTO WELLNESS LLC,480 ROUTE 6A,EAST SANDWICH,MA,025371438,41.742172,-70.45251,5082748222,0.0,7
bff65303-97b4-3841-950a-1c9e9e735de0,SOUTHPOINTE REHAB CENTER LLC,100 AMITY ST,FALL RIVER,MA,027212202,41.6737661,-71.16934217317342,5082353600,0.0,2
bf556284-7513-3620-a10e-5393183a9a87,STEWARD ST. ANNES HOSPITAL CORPORATION,795 MIDDLE ST,FALL RIVER,MA,027211733,41.6924092,-71.16345107025307,5086745600,0.0,172
365eae93-6352-3d48-9a8d-dc9fa4b917be,WACHUSETT REHABILITATION AND NURSING CENTER LLC,32 HOSPITAL HILL RD,GARDNER,MA,014402302,42.572366450000004,-71.97690789055164,9786325477,0.0,1
a14e698d-a9ba-3eae-9c8b-682ec726433d,LYNN URGENT CARE LLC,776 WESTERN AVE,LYNN,MA,019052408,42.466763,-70.9494939,6178939901,0.0,108
b6eeaaf7-1683-3bcb-b6ee-81ce304636ef,MELROSEWAKEFIELD HEALTHCARE  INC,170 GOVERNORS AVE,MELROSE,MA,021763225,42.4564323,-71.064182,7819793050,0.0,300
d613e441-68e8-3502-8adb-3f770a1276bf,PALMER FAMILY SERVICES LLC,114 WATER ST,MILFORD,MA,017573007,42.13661855,-71.53474614336832,5084782008,0.0,47
de29a374-221b-3cb4-8051-a02c1a35e5b7,FAMILY MEDICINE ASSOCIATES OF SOUTH ATTLEBORO  P.C.,562 WASHINGTON ST,SOUTH ATTLEBORO,MA,027036942,41.912892049999996,-71.36135809627689,5087615650,0.0,67
b0b89e26-30e3-35d4-af87-29fb529579cf,CLIFTON HOSPICE SERVICES  LLC,391 HANOVER ST,FALL RIVER,MA,027205432,41.71019285,-71.14377103194548,5086757583,0.0,4
d3085315-9893-34c7-8889-3a31dc17c2b0,WALPOLE MEDICAL CENTER  PC,1428 MAIN ST STE 7,WALPOLE,MA,020811729,42.1325911,-71.2618886,5086686600,0.0,25
18061fd5-fda8-3e2d-87f0-0f3c87211bcc,CAMBRIDGE PUBLIC HEALTH COMMISSION,1493 CAMBRIDGE ST,SOMERVILLE,MA,021431408,42.3875968,-71.0994968,6176651000,0.0,26
76281d34-caff-30e0-8545-bcdf33182109,CLIFTON REHABILITATION NURSING CENTER,500 WILBUR AVENUE,SOMERSET,MA,027252051,41.72075205,-71.16843052114558,5086757589,0.0,69
4633340c-c833-30a3-ab0e-f5cfa5fda28b,CHAIR CITY FAMILY MEDICINE  PC,250 GREEN ST,GARDNER,MA,014401377,42.586896550000006,-71.98672640006858,9786304455,0.0,43
7e97f720-f99d-3402-98a4-a144aaa5bd01,COMMUNITY HEALTH CENTER OF CAPE COD  INC.,210 JONES RD,FALMOUTH,MA,025402974,41.5614958,-70.6117407224321,5084777090,0.0,32
b3ada130-6443-3a8e-98c7-4ec127a2b0c4,LIFE CARE CENTER OF ACTON,ONE GREAT ROAD,ACTON,MA,017205601,42.4850931,-71.43284,9782639101,0.0,2
7489f6e0-fee6-3fff-90b6-444868eb907c,ABBOTT HOME HEALTH CARE  INC,1 KIDDIE DRIVE  SUITE 106,AVON,MA,023221182,42.130150349999994,-71.05720685110387,7813440344,0.0,7
acffdfa8-1383-3929-8c99-e73969491439,BRIGHAM AND WOMEN'S FAULKNER HOSPITAL  INC.,1153 CENTRE ST,BOSTON,MA,021303446,42.3017598,-71.12855793387442,6179837470,0.0,540
1e11392b-1278-3e70-93cd-f396cbd0c265,VHS ACQUISITION SUBSIDIARY NUMBER 9  INC.,115 LINCOLN ST,NATICK,MA,017607700,42.2843753,-71.3441395,5086507000,0.0,102
fe30f2b4-9bc8-346e-afba-4455d1766545,KATZMAN FAMILY CENTER FOR LIVING,17 LAFAYETTE AVENUE,CHELSEA,MA,021502010,42.40019115,-71.03050082480353,6178846766,0.0,16
6cf8a214-8d57-3267-85e5-7719e15cd63e,LEMUEL SHATTUCK HOSPITAL,170 MORTON STREET,JAMAICA PLAIN,MA,021303735,42.299067750000006,-71.10124351911541,6175228110,0.0,15
13161e5b-02d2-3d19-8b48-26ef0becfc83,LEONARD FLORENCE CENTER FOR LIVING,165 CAPTAIN'S ROW,CHELSEA,MA,021504019,42.3917638,-71.0328284,6178870001,0.0,10
0fedae9f-701f-3317-9b2f-69aea2202cdc,BOSTON MEDICAL CENTER CORPORATION-,88 EAST NEWTON STREET,WINTHROP,MA,021522715,42.3750976,-70.982827,6176388000,0.0,160
86bbc3aa-e927-3d56-9d77-ab701b4b2926,FALL RIVER JEWISH HOME  INC,538 ROBESON STREET,FALL RIVER,MA,027205496,41.707225,-71.1432141111111,5086796172,0.0,25
9ab139f5-d278-31b4-b44e-feffdea65613,KINDRED AT HOME,88 ROUTE 6A 101,SANDWICH,MA,025631866,41.764922,-70.502215,5088882932,0.0,27
aade280a-3b90-3e48-9648-91109a964a63,AP MEDICAL LLC,909 SUMNER ST,DARTMOUTH,MA,027473826,41.6332267,-70.9879928,5089715190,0.0,34
6adc9d34-9b73-3285-abb7-56e567f1ba26,WELLESLEY HEALTHCARE SOLUTIONS LLC,271 NAHANT RD,NAHANT,MA,019081341,42.42554385,-70.91995214383596,7815810420,0.0,1
981338c4-287c-3621-bc45-8b0b9f1b8922,DR. HE'S PRIMARY CARE FOR ADULTS INC,640 BOLTON ST,MARLBOROUGH,MA,017523999,42.3658183,-71.55914630258509,5084810200,0.0,50
96e9e829-0b71-3ad3-8b41-60e25b5d47d7,ADVOCATE HEALTHCARE OF EAST BOSTON LLC,111 ORIENT AVE,EAST BOSTON,MA,021281006,42.39055278090538,-71.00587148689957,6175692100,0.0,1
e59fb2d5-508c-38c6-af2e-21d8216dd2b0,BAYSTATE MEDICAL CENTER,759 CHESTNUT ST,WARE,MA,010821625,42.256476,-72.237482,4137940000,0.0,217
7a3b8310-02eb-3c47-aa1b-3f55b3ed9de9,ON CALL URGENT CARE  LLC,6 HATFIELD ST,NORTHAMPTON,MA,010602545,42.333172950000005,-72.6566355591273,4135847425,0.0,21
ecadbc11-930c-3903-b706-f8ef4bc9089e,PRIMARY CARE ASSOCIATES LLC,780 CHESTNUT ST,SPRINGFIELD,MA,011031109,42.1211633,-72.60614164702717,4137872800,0.0,37
0f9d1260-db33-3483-b2b6-5483cfcb739c,ENHANCED MEDICAL CARE  LLC,361 WOODWARD ST,WABAN,MA,024682027,42.326011949999994,-71.2254251580706,6177774080,0.0,112
440fa4b8-c731-3cf5-81d9-aa3f30a37b95,LAHEY HOSPITAL & MEDICAL CENTER  BURLINGTON,41 & 45 MALL ROAD,PEABODY,MA,019602901,42.5278731,-70.9286609,7817445100,0.0,43
0fab3c4e-a028-39a6-b15a-be5a88b6aa2a,ENCOMPASS HEALTH REHAB HOSPITAL OF WESTERN MASS,222 STATE STREET,LUDLOW,MA,010563437,42.15547415,-72.47222226666076,4135897581,0.0,16
3b021cb6-4745-3d9d-8436-230055f770bd,BETH ISRAEL DEACONESS HOSPITAL-NEEDHAM  INC.,148 CHESTNUT ST,NEEDHAM,MA,024943238,42.27728075,-71.23665362814043,7814533000,0.0,271
c92cc255-6778-3307-8092-987d667be4ce,SALEM FAMILY HEALTH CENTER,89 FOSTER ST,PEABODY,MA,019608925,42.5278731,-70.9286609,9785324903,0.0,19
00ffb204-07b4-3c72-a678-fa252e6cf86c,BEDFORD-LEXINGTON INTERNAL MEDICINE  PC,450 BEDFORD ST,LEXINGTON,MA,02420,42.47370735,-71.25090005,7812746274,0.0,15
ad82d624-72eb-3c7d-a76d-79f2668d1390,WOODLAND INTERNISTS  P.C.,3 WOODLAND RD,STONEHAM,MA,021801711,42.452443099999996,-71.08939988105112,7816627990,0.0,151
70a26106-6797-39f8-83e6-6bcf212b99ad,CEDAR STREET FAMILY CLINIC INC,340 MAIN ST,WORCESTER,MA,016081601,42.53616075,-71.74831883675786,5087521331,0.0,4
b8421363-9807-3b16-a146-95336eea5cfb,COOLEY DICKINSON HOSPITAL INC,30 LOCUST ST,NORTHAMPTON,MA,010602052,42.33032115,-72.65330802608176,4135822000,0.0,96
3498e7d3-90fd-366b-bc6a-6f41dad6bae6,COLEMAN HOUSE,112 WEST MAIN STREET,NORTHBOROUGH,MA,015321824,42.318559050000005,-71.65097281611972,5083519355,0.0,1
37111f41-8bc5-35d3-9cd9-5b447a11ffd1,NEVINS NURSING & REHABILITATION CENTER,TEN INGALLS COURT,METHUEN,MA,018443712,42.7262016,-71.1908924,9786827611,0.0,13
68ea50ba-275f-3f6c-ad1f-0aefae7144eb,25 ARMORY STREET OPERATOR LLC,25 ARMORY ST,WEST NEWTON,MA,024652110,42.3504314,-71.21988040449209,6179692300,0.0,2
945104f1-4b95-3eed-bd02-5efa0afbf34d,DIGNITY HOSPICE CARE INC,20 CENTRAL AVE # 506,LYNN,MA,019011201,42.46410018181818,-70.9465129090909,8572054114,0.0,1
3076e02a-deac-3e81-96a9-1d32cbda6fca,GARDNER REHABILITATION AND NURSING CENTER,59 EASTWOOD CIRCLE,GARDNER,MA,014403901,42.567006649999996,-71.97817904424542,9786328776,0.0,11
fbd4ccdf-2fdb-3652-9bbe-1ccff886bd34,CROWN HOME HEALTHCARE MA  INC,320 CENTRAL STREET  UNIT A2,SAUGUS,MA,019062372,42.4632069,-71.0093761,7812153815,0.0,29
901c2d40-1ca3-3879-9a20-c663b8adc0a9,TUFTS MEDICAL CENTER,800 WASHINGTON STREET,STONEHAM,MA,021802445,42.4863168,-71.0928919,6176365000,0.0,37
b9e35b8a-9831-32d8-a6dc-d7a546c126b0,VIBRA HOSPITAL OF WESTERN MASS - CENTRAL CAMPUS,111 HUNTOON MEMORIAL HIGHWAY  1ST FLOOR,SPRINGFIELD,MA,011092550,42.1018764,-72.5886727,4137876700,0.0,278
46a09a29-4bda-3572-89dd-5def154669ed,REVOLUTION AT SARAH BRAYTON PLACE LLC,4901 N MAIN ST,FALL RIVER,MA,027202080,41.758923100000004,-71.11356439219409,5086751001,0.0,1
e1818b21-4458-3b9c-b2b8-7ed6f57ae078,LIFE CARE CENTER OF WILBRAHAM,2399 BOSTON ROAD,WILBRAHAM,MA,010951185,42.14668485,-72.45048427046072,4135963111,0.0,13
d6600c68-8a26-3a88-86e2-99517365c10a,New Bedford Outpatient Clinic,175 Elm Street,New Bedford,MA,02740,41.635937,-70.92991,508-994-0217,0.0,128
dd3307db-114c-3f11-be44-a9eef6bb3fc5,LYNN COMMUNITY HEALTH,269 UNION STREET,LYNN,MA,019011201,42.4652772,-70.94362420273097,7815962502,0.0,28
f2068cee-c75c-321d-9b2c-c33535db89c9,CARING HEALTHCARE SERVICES LLC,32 BOSSI AVE,RANDOLPH,MA,023682002,42.20017865,-71.0582074,6172300787,0.0,43
66505876-04a4-3f6e-9aa8-7232ee43ab76,548 ELM STREET OPERATING COMPANY  LLC,548 ELM STREET,NORTHAMPTON,MA,010602832,42.327755,-72.657308,4135863150,0.0,1
15d4c950-4691-3996-b4c4-bf06bfb58ff7,HOLY FAMILY HOSPITAL,70 EAST ST,METHUEN,MA,018445883,42.7285558,-71.16833738237946,9786870151,0.0,450
5018c664-e283-30eb-932a-529d9a19b3b5,FIRST PSYCHIATRIC PLANNERS  INC,300 SOUTH ST,WOBURN,MA,018014979,42.473347,-71.144086,6174690300,0.0,17
5ba77f2c-8ce5-3dde-bb46-3ffcceb3bfbf,188 FLORENCE STREET OPERATOR LLC,188 FLORENCE ST,CHESTNUT HILL,MA,024672641,42.31835025,-71.17401686317635,6173324730,0.0,1
d140ed3f-2696-3e78-bd77-1c959ec4fc4d,HATHAWAY MANOR EXTENDED CARE,863 HATHAWAY ROAD,NEW BEDFORD,MA,027401916,41.6512968,-70.9669902070805,5089966763,0.0,47
1cff30ba-b91f-3ea2-b80b-770d67856358,ROYAL NURSING CENTER  LLC,359 JONES RD,FALMOUTH,MA,025403341,41.5591273,-70.60352436630029,7743450220,0.0,11
4ff8b164-4cf5-3ab4-b0f2-7ce8fda920e5,CARDIOVASCULAR CENTER AT TUFTS MEDICAL CENTER INC,800 WASHINGTON ST,WORCESTER,MA,016550002,42.180483,-71.867782,6176365000,0.0,94
f7171d7c-0d92-33cf-98dc-abd628d79750,ARMENIAN NURSING & REHABILITATION CENTER  INC.,431 POND ST,JAMAICA PLAIN,MA,021303402,42.310128500000005,-71.1321602569144,6175222600,0.0,3
c3e56d13-ebb5-3d4d-908f-3f2a6a4de7aa,JOHN SCOTT HOUSE NURSING & REHABILITATION CENTER,233 MIDDLE ST,BRAINTREE,MA,021844840,42.2180597,-70.9924896,7818431860,0.0,2
bccd7d67-203c-3d93-b6b0-bff5a146cd1d,CARECENTRAL URGENT CARE MEDICAL GROUP PC,286 WASHINGTON ST,STOUGHTON,MA,020721763,42.1384306,-71.1022598,7813412800,0.0,9
a2a41caf-758f-3962-8e5f-e6e603f93d17,VIBRA HOSPITAL OF WESTERN MASSACHUSETTS LLC,111 HUNTOON MEMORIAL HWY,ROCHDALE,MA,015421305,42.2020225,-71.89891616754682,5088926000,0.0,711
844a8cb2-4164-35b2-88b8-dffa2889a738,CENTER FOR EXTENDED CARE AT AMHERST,150 UNIVERSITY DRIVE,AMHERST,MA,010022232,42.368937,-72.53247107203978,4132568185,0.0,2
a6fb79e7-4abb-3a68-b62d-e501427fdca4,AUBURN PRIMARY CARE AND AESTHETICS,489 WASHINGTON ST STE 202,AUBURN,MA,015015709,42.187836,-71.83104,5087969211,0.0,34
ea8d287f-b3a9-3800-8798-788e334ee406,NORTH SHORE MEDICAL CENTER INC,81 HIGHLAND AVE,SWAMPSCOTT,MA,019072928,42.4699241,-70.9171507,9783542065,0.0,57
c7542447-e06e-32cb-b6db-243c23a0dbc2,FRANCISCAN HOSPITAL FOR CHILDREN INC,30 WARREN ST,BOSTON,MA,021353602,42.3501483,-71.14393324457691,6172543800,0.0,44
d9fe2c9c-135e-3da3-8de8-1a0ff165d886,JEWISH FAMILY & CHILDREN'S SERVICE,1430 MAIN ST,WORCESTER,MA,016091121,42.2492003,-71.92931780325071,7816475327,0.0,42
50c47685-8125-3c50-8311-8bd7ba9e9108,BOSTON MEDICAL CENTER CORPORATION-,4199 WASHINGTON ST,ROSLINDALE,MA,021311733,42.2871447,-71.1277526,6173234440,0.0,28
8bf5325a-c11b-35c4-b07d-17a5aeba8353,BEACON HOSPICE  AN AMYEDISYS COMPANY,815 WORCESTER STREET,SPRINGFIELD,MA,011511001,42.1018764,-72.5886727,4132051229,0.0,1
9d2a1656-0f4d-30d1-bc63-eb365a05529c,STEWARD GOOD SAMARITAN MEDICAL CENTER  INC.,235 N PEARL ST,BROCKTON,MA,023011794,42.09805395,-71.0609587194362,5084272841,0.0,29
aba3e6f6-4562-342e-b90f-dd61b117f394,MEDICAL EXPRESS URGENT CARE CENTER CO INC,438 CHESTNUT STREET,SPRINGFIELD,MA,011072008,42.11291091861002,-72.59692685125127,4137811100,0.0,3
ca8a919a-05f9-3687-bfb6-42800a70031e,LIFE LINE COMMUNITY HEALTHCARE,6111 OAK TREE BLVD STE 301,FRAMINGHAM,MA,017014613,42.3095704,-71.4413097,2165816556,0.0,50
eee00932-ca82-36bc-b7e8-e3fff6dbaeaa,DANA FARBER CANCER INSTITUTE,450 BROOKLINE AVE,WEYMOUTH,MA,021893141,42.2212188,-70.9391625,6176323000,0.0,156
f8918a95-31e8-3ac4-8d12-29ca6080ebda,BETH ISRAEL DEACONESS HOSPITAL MILTON INC,199 REEDSDALE RD,MILTON,MA,021863926,42.251368299999996,-71.0768393856917,6173131214,0.0,60
8d5880eb-1dd8-31ea-b7c5-21709f3bb341,MELROSE INTERNAL MEDICINE ASSOC PC,50 ROWE ST,MELROSE,MA,021763201,42.4592093,-71.06078096379728,7819793800,0.0,123
3ff0f58b-7a1f-3334-9449-ff15f68b7d86,BETH ISRAEL DEACONESS HOSPITAL PLYMOUTH INC,275 SANDWICH ST,PLYMOUTH,MA,023607761,41.94186605,-70.6455366462985,5087462000,0.0,6
70e3ad4f-b9ff-3f3e-9990-2cd7e23a9d1c,HEALTH-MD URGENT CARE,1238 RIVERDALE ST,WEST SPRINGFIELD,MA,010894675,42.1373438,-72.62624707492338,4135043507,0.0,14
dbe1e521-57da-3855-9aa0-aabadbd17e32,NORTH RIVER HOSPICE LLC,454 WASHINGTON ST,NORWELL,MA,020612050,42.1592792,-70.85480698781902,5084082408,0.0,1
a6964d47-8af0-3df2-b99d-d8414eb1cfa3,ARBOUR-FULLER HOSPITAL,200 MAY ST,SOUTH ATTLEBORO,MA,027035520,41.924394750000005,-71.36076410900014,5087618500,0.0,132
dac75bc1-cbfa-306b-9a0a-88d5edf3638d,BRIGHTON HOUSE REHABILITATION & NURSING CENTER,170 COREY ROAD,BRIGHTON,MA,021358244,42.3433093,-71.14003855124017,6177310515,0.0,3
c6907774-d9cd-3408-b554-08b135423b40,SUDBURY PINES EXTENDED CARE FACILITY,642 BOSTON POST RD,SUDBURY,MA,017763302,42.36142375,-71.44123077142632,9784439000,0.0,1
9d989fcf-4ad9-3972-ada3-f275d967781e,FALMOUTH HOSPITAL ASSOCIATION INC,100 TER HEUN DR,SANDWICH,MA,025632377,41.7579043,-70.4968152,5084573528,0.0,329
7a5f7ae1-8437-3f5e-b788-5c2ad57f0a0b,FAMILY HEALTH CENTER OF WORCESTER  INC.,29 ORCHARD ST,SOUTHBRIDGE,MA,015504003,42.076356200000006,-72.04167805,7743181445,0.0,34
a2cc09de-c1e2-3126-8c09-d49f95225281,CHILDREN'S HOSPITAL CORPORATION,300 LONGWOOD AVE,WALTHAM,MA,024532741,42.3756401,-71.2358004,6173554831,0.0,206
9f2f60a6-87a4-3f45-b753-b63b5b7e9993,NORTH END COMMUNITY HEALTH COMMITTEE INC,332 HANOVER STREET,BOSTON,MA,021131901,42.3647421,-71.0536619,6176438000,0.0,104
0d7ef8ee-4e45-3b40-9f2b-f558dce71574,PERSONALIZED MEDICAL CARE LLC,200 BOYLSTON ST,CHESTNUT HILL,MA,024672008,42.318869649999996,-71.17524247213663,6175298041,0.0,33
f312977e-8f41-3816-84cc-e5b12ba36955,BRIGHAM AND WOMEN'S FAULKNER HOSPITAL  INC.,1153 CENTRE ST,JAMAICA PLAIN,MA,021303446,42.3017598,-71.12855793387442,6179837470,0.0,23
4ffc4e4b-9d8d-3c30-ad84-fc9a7209da94,OAKS  THE,4525 ACUSHNET AVENUE,NEW BEDFORD,MA,027454727,41.74080975,-70.94731021257817,5089987807,0.0,2
bebc1dac-6c42-3225-b0ba-23278cdf2a62,MEMORY SUPPORT OF HERITAGE HALL,464 MAIN STREET,AGAWAM,MA,010011826,42.07695165,-72.62026217030348,4137868000,0.0,21
ce4d0501-49eb-396a-bc56-545fdfc624b0,MARTHA'S VINEYARD HOSPITAL INC,1 HOSPITAL RD,OAK BLUFFS,MA,025571406,41.46063105,-70.57989080295974,5086930410,0.0,173
e69e7cbb-8362-30d1-83f2-3a0c492fe2b1,PLYMOUTH CARVER PRIMARY CARE  P.C.,110 LONG POND RD,PLYMOUTH,MA,023602642,41.9255829,-70.65514326847389,5087467272,0.0,45
154cc5db-4906-3411-8aa3-39902c6b3af2,NAPPA FAMILY PRACTICE PC,12 VICTORIA LN,STONEHAM,MA,021802221,42.4916624,-71.10288588889674,0000000000,0.0,48
2b3f6816-b774-3bb5-8654-915e5f712f9c,1650 WASHINGTON STREET OPERATOR LLC,1650 WASHINGTON ST,WEST NEWTON,MA,024652241,42.34253672934744,-71.23694527065257,6172445407,0.0,1
db106514-f254-3402-b6a4-6d210c78c7e2,JOHN ADAMS HEALTHCARE CENTER,211 FRANKLIN STREET,QUINCY,MA,021697833,42.23691085,-71.00237199954586,6174790837,0.0,9
79508e39-d0b0-3613-9d54-168f6e1c3a18,NASHOBA VALLEY MEDICAL CENTER,200 GROTON ROAD,GROTON,MA,014502056,42.577352149999996,-71.57414587343038,9787849000,0.0,62
1ce0d1a3-b507-3ad1-afc5-b25bfe48b8dc,STOUGHTON PUBLIC HEALTH ASSOCIATION,10 PEARL STREET,STOUGHTON,MA,020722364,42.125716800000006,-71.1025481568314,7813447011,0.0,7
65cf1d58-590c-3fc8-b68b-f429129a0f79,HARBORSIDE HOSPICE OF MASSACHUSETTS LLC,241 WINTER ST,HAVERHILL,MA,018314835,42.77792505,-71.08618205019678,8003311044,0.0,1
352f2e3b-0708-3eb4-9f7e-e73a685bf379,MARLBOROUGH HOSPITAL CORP,157 UNION ST,SOUTHBOROUGH,MA,017721215,42.3056501,-71.5245087,5084815000,0.0,265
a2d45ee8-b930-3169-b612-f602961ad212,SUNRISE HEALTHCARE LLC,37 MINUTEMAN WAY,SHREWSBURY,MA,015452229,42.288207,-71.73443816915585,6176509959,0.0,57
4887dc20-9ef6-3cc2-9c56-858388049a50,ELIOT CENTER FOR HEALTH & REHABILITATION,168 WEST CENTRAL STREET,NATICK,MA,017604122,42.282113100000004,-71.37898579435048,5086551000,0.0,19
e6d63525-40f0-3391-a58a-e6a03598911f,STANLEY STREET TREATMENT AND RESOURCES INC,400 STANLEY ST,FALL RIVER,MA,027206009,41.7148511,-71.13527009152534,5086751054,0.0,28
fb4a08b8-57ee-382b-b3cb-43d94f1bb4c0,STANLEY STREET TREATMENT AND RESOURCES  INC,1010 SOUTH MAIN STREET,FALL RIVER,MA,027242855,41.690775450000004,-71.16515282264554,5086751054,0.0,175
2b97893e-dc50-378b-a266-f089b8450329,HARBOR HEALTH SERVICES INC,250 MOUNT VERNON ST,DORCHESTER,MA,021253120,42.3194571,-71.04610844302991,6172881140,0.0,57
d0894f6b-78d7-338d-82ad-b63de4d40014,MOUNT AUBURN HOSPITAL,330 MOUNT AUBURN STREET,WALTHAM,MA,02452,42.3756401,-71.2358004,6174923500,0.0,108
5d1b509e-a048-357f-807e-6b863006e337,NEEDHAM WELLESLEY FAMILY MEDICINE PC,65 WALNUT ST,WELLESLEY HILLS,MA,024812118,42.3213892,-71.2586343,7812353444,0.0,56
88975fd9-b47e-3af6-af78-c58e1ecf0d5e,BAYSTATE NOBLE HOSPITAL CORPORATION,115 W SILVER ST,WESTFIELD,MA,010853628,42.1178811,-72.75935246865802,4135682811,0.0,14
46e66051-c061-3c31-b439-1d71df92db1c,BEAR HILL HEALTHCARE LLC,11 NORTH ST,STONEHAM,MA,021801040,42.50329135,-71.10023035268328,7814388515,0.0,1
069b90f9-309b-35e4-b990-d1dbacb962cc,MONT MARIE REHABILITATION & HEALTHCARE CENTER,36 LOWER WESTFIELD ROAD,HOLYOKE,MA,010402749,42.16975305,-72.63488031242107,4135386050,0.0,4
4ba48ef6-19f2-3177-bfaf-096daaebf26a,SOUTH SHORE HEALTH CARE INC,275 TURNPIKE ST,BRAINTREE,MA,021845328,42.2064195,-71.005067,7818481950,0.0,56
e5ce3b83-f5e6-308d-aa64-82539fc2d906,FIRST CHOICE HEALTHCARE  INC.,1842 BEACON ST,BROOKLINE,MA,024451922,42.33728028715071,-71.14536064081996,6172934594,0.0,2
a2047ff6-62f2-34d7-beb9-7e164d989c75,RECUPERATIVE SERVICES UNIT-HEBREW REHAB CENTER,1200 CENTRE STREET,ROSLINDALE,MA,021311011,42.29768,-71.130463,6173258000,0.0,176
936ceb96-2b12-371f-aa68-ee02a9c06f4c,PRIMARY CARE NORTH PC,225 BOSTON ST,LYNN,MA,019043124,42.470497449999996,-70.96003668151566,7815959581,0.0,87
a855314b-4fb5-37fc-8015-5caa96c928b1,BAYSTATE MEDICAL CENTER INC.,759 CHESTNUT ST,SPRINGFIELD,MA,011991001,42.121522049999996,-72.60300615153007,4137940000,0.0,8
48a6d3ab-50ef-349e-8945-2558a78f378e,SAINT ANNE'S HOSPITAL,795 MIDDLE ST,SWANSEA,MA,027774114,41.730919,-71.208117,5086745600,0.0,227
0a8a4b11-d0b8-3cd2-92cd-983de5189cfa,LIFE CARE CENTER OF THE NORTH SHORE,111 BIRCH STREET,LYNN,MA,019021574,42.47859105,-70.93458444045801,7815929667,0.0,18
7b7ce654-a413-37d1-9d34-97240c0ac580,WOONSOCKET URGENT CARE PC,1 WRENTHAM ST,BELLINGHAM,MA,020192532,42.025037350000005,-71.48945118224057,5083184466,0.0,3
7b20d1c4-c56b-3647-801c-5e4e13679073,BETH ISRAEL DEACONESS HOSPITAL PLYMOUTH INC,275 SANDWICH ST,PLYMOUTH,MA,023602183,41.94186605,-70.6455366462985,5087462000,0.0,25
df852cb2-9fe0-3c90-87ac-46e5f980ee3b,HOSPICE OF NASHOBA NURSING SERVICE,3 PATTERSON ROAD  SUITE 3,SHIRLEY,MA,014642907,42.552462649999995,-71.62383665745185,9784256675,0.0,13
3e97ce4f-3ad7-3cea-883f-e2bb4ca89d83,HALLMARK HEALTH URGENT CARE PHYSICIANS LLC,30 NEW CROSSING RD,READING,MA,018673270,42.51809619399502,-71.0959083715027,7812801699,0.0,35
c0132cf6-1703-3aad-89b4-cc2f2bbc123e,MARISTHILL NURSING & REHABILITATION CENTER,66 NEWTON STREET,WALTHAM,MA,024536058,42.3746705,-71.22789736306842,7818930240,0.0,15
4f59f709-8b84-3d27-a04b-c6b7b5544413,HILLTOWN COMMUNITY HEALTH CENTERS INC,70 BOLTWOOD WALK,AMHERST,MA,010022271,42.3768779,-72.51840280783739,4132385511,0.0,85
c4e5b33c-17b8-3f51-a8ba-a327d54e642a,PRIMARY CARE MEDICINE AND PEDIATRICS  LLC,94 N ELM ST,WESTFIELD,MA,010852917,42.1322823,-72.7436679,4135621650,0.0,64
79d49935-bcc0-36ca-920b-45365c367438,SOUTH BOSTON COMMUNITY HEALTH CENTER INC,409 W BROADWAY,SOUTH BOSTON,MA,021272245,42.336831,-71.047958,6172697500,0.0,100
0f2c58ec-5323-3c0f-9bdf-af0df7eb2a2b,MARIAN MANOR,130 DORCHESTER STREET,SOUTH BOSTON,MA,021272642,42.3334312,-71.0494949,6172683333,0.0,27
cc400ddc-c38d-3604-8d89-cea21555719f,NEEDHAM FAMILY PRACTICE ASSOC. P.C.,87 CHESTNUT ST,NATICK,MA,017603644,42.293559188306446,-71.35158050924959,7814445515,0.0,28
cdc87240-38e9-36f8-959b-706642e01e11,MASSACHUSETTS EYE AND EAR INFIRMARY -,243 CHARLES ST,STONEHAM,MA,021803559,42.4814675,-71.0924311,6175733089,0.0,153
c6b019eb-28ec-36f6-abf3-bcc4d1d58966,DUTTON FAMILY CARE ASSOCIATES LLP,33 AVON ST,WAKEFIELD,MA,018802310,42.50403445,-71.07462951514611,7812450402,0.0,49
b5b380d2-df21-3389-abf0-08551c7e1f2d,DEVENS TREATMENT & RECOVERY CENTER LLC,85 PATTON RD,DEVENS,MA,014344401,42.5304204,-71.61505519305638,9786155200,0.0,771
06376cbe-4880-384b-b459-7ce3eef36ced,HEALTHFIRST FAMILY CARE CENTER INC,387 QUARRY ST,FALL RIVER,MA,027231026,41.6932713,-71.1402431739568,5086798111,0.0,267
b3312a2d-37e9-35a8-b50d-6c165c437baa,DIMOCK COMMUNITY HEALTH CENTER  INC,45 DIMOCK ST,ROXBURY,MA,021191029,42.32030665,-71.09721114916246,6174428800,0.0,28
b6717471-7f78-32c4-b1c5-e3a6310553d7,FAMILY MEDICINE ASSOCIATES LLC,15 RAILROAD AVE,TOPSFIELD,MA,01983,42.6375935,-70.9494966,9874687381,0.0,29
2836d9ac-c6a6-39d1-8f13-fdf0fc8928f4,TEWKSBURY HOSPITAL,365 EAST ST,TEWKSBURY,MA,018761950,42.6069472,-71.2180803,9788517321,0.0,39
a2f8d8fe-665e-390f-8b9b-efdc0b14a77c,LOWELL COMMUNITY HEALTH CENTER,161 JACKSON ST,LOWELL,MA,018522103,42.6425382,-71.3093946,9783228590,0.0,13
82c72223-f521-3a34-9b9b-4ff366365399,CARNEY HOSPITAL,2100 DORCHESTER AVENUE,QUINCY,MA,021691870,42.2509914,-71.0037374,6175062000,0.0,120
15e26ce3-9006-3ce2-9327-493180a15ec1,CIRCLE OF LIFE FAMILY MEDICINE PC,6 GROVE ST,NORWELL,MA,020611534,42.172231693916025,-70.87836493029226,3394692707,0.0,92
b5e6f1bd-c744-3556-9775-5ff8399eea33,CONCORD INTERNAL MEDICINE ASSOCIATES  P.C.,2284 MAIN ST,CONCORD,MA,017423829,42.44300895,-71.42458458423982,9783695575,0.0,28
423ee6a6-6928-3a01-a49d-9687361747a4,SALEM REHAB CENTER LLC,7 LORING HILLS AVE,SALEM,MA,019704267,42.48646565,-70.90338797731044,9787415700,0.0,3
04b252db-4231-3cb5-963d-6f096fb4b97c,DEDHAM MEDICAL ASSOCIATES URGENT CARE CENTER LLC,1177 PROVIDENCE HIGHWAY,NORWOOD,MA,020625019,42.194543,-71.1994976,7813291400,0.0,1
a977feef-f585-3fa8-8deb-7e60fc2cab30,HORIZON HOME CARE  LLC,2314 MAIN STREET,TEWKSBURY,MA,018763128,42.58023655,-71.19367180835906,9788517775,0.0,4
1de7e7d9-9a7a-3a3f-bf4c-b4de450711f2,CIRCLE HEALTH URGENT CARE LLC,198 LITTLETON RD,WESTFORD,MA,018863429,42.564282,-71.42620615382347,9783230302,0.0,113
05cc5056-7af4-3afb-9a5a-d7a1c23a2509,KINDRED AT HOME,2069 ROOSEVELT AVENUE,WEST SPRINGFIELD,MA,010892595,42.105237,-72.6213712,4137331132,0.0,1
497f39dd-280e-3d58-af5b-c5e3a3a09b10,CAPE COD HOSPITAL INC,27 PARK ST,HYANNIS,MA,026015230,41.65363635,-70.27352219234834,5087711800,0.0,137
578b56de-fe9c-32e1-aea4-876f8bc01e9c,DR JOHN C CORRIGAN MENTAL HEALTH CENTER,49 HILLSIDE STREET,FALL RIVER,MA,027205211,41.707406500000005,-71.14593659462452,5082357600,0.0,110
0d7fd824-1c7b-3f8b-a662-f6c2005e82e1,OVERLOOK MASONIC HEALTH CENTER,88 MASONIC HOME ROAD,CHARLTON,MA,015071394,42.1389039,-71.9782681,5082487344,0.0,5
accb8cdd-6560-3fef-b0a6-f12c3295026a,LIFE CARE CENTER OF ATTLEBORO,969 PARK STREET,ATTLEBORO,MA,027035115,41.9266899,-71.2611303145582,5082224182,0.0,6
18a96051-91f4-3cba-af96-056ea14dfee0,ANNA JAQUES HOSPITAL SUBACUTE UNIT,25 HIGHLAND AVENUE,NEWBURYPORT,MA,019503872,42.81369325,-70.89091645747592,9784631056,0.0,1
c5d5a544-0277-342f-8422-d30848a82438,FAMILY SERVICE ASSOCIATION OF GREATER FALL RIVER INC,151 ROCK ST,FALL RIVER,MA,027203201,41.70365955,-71.15259151299796,5086787542,0.0,93
41e2a44c-477c-3511-96f9-12c476aa3b6a,DR SOLOMON CARTER FULLER MENTAL HEALTH CENTER,85 E NEWTON ST,BOSTON,MA,021183553,42.336277100000004,-71.07085295687423,6176268860,0.0,41
edbb9e9c-3440-3b38-abfc-83a8f0b6bebc,BEAR MT FALL RIVER LLC,273 OAK GROVE AVE,FALL RIVER,MA,027232315,41.70179473202871,-71.13310371798859,5086794866,0.0,2
4956f573-3dc2-3a67-9692-2f57451744e6,RESERVOIR CENTER FOR HEALTH & REHABILITATION  THE,400 BOLTON STREET,MARLBOROUGH,MA,017523912,42.35966285,-71.55290125539051,5084816123,0.0,18
b44955d1-f0e2-3beb-a013-708a81dbe430,SIGNATURE HEALTHCARE MEDICAL GROUP INC,680 CENTRE ST,WEST BRIDGEWATER,MA,023791600,42.0219112,-71.019004,5089417000,0.0,6
363631be-d437-3548-98c2-d10b909c1721,SEA VIEW CONVALESCENT AND NURSING HOME,50 MANSION DRIVE,ROWLEY,MA,019691026,42.73718535100735,-70.88053187301136,9789482552,0.0,17
c0e23859-5a95-3aa0-8c3b-0143df64f507,ROYAL WAYLAND NURSING HOME LLC,188 COMMONWEALTH RD,WAYLAND,MA,017785027,42.318727100000004,-71.36211489369597,5086538500,0.0,2
c1986c0c-f756-3596-8f90-08adacf220fe,CHESTNUT WOODS REHABILITATION AND HEALTHCARE CTR,73 CHESTNUT STREET,SAUGUS,MA,019061605,42.4573919,-70.9918055,7812338123,0.0,5
ad2dab07-4f85-3950-baaa-7c7cd2aa770c,UNIVERSITY OF MA MED CTR-ESRD,55 LAKE AVENUE NORTH,WORCESTER,MA,016550002,42.2774799,-71.76166994969458,5088560011,0.0,14
67d2f85b-ddc7-3ed0-b90b-6fa5b7b8358a,CHARLES RIVER COMMUNITY HEALTH  INC,43 FOUNDRY AVE,WALTHAM,MA,024538313,42.37050535,-71.21908334877376,6177830500,0.0,60
ce89d7ed-54eb-3eae-881a-15df8e631c47,BEACON HOSPICE  AN AMEDISYS COMPANY,36 WILLIAM STREET,LEOMINSTER,MA,014533276,42.5267443,-71.7614891,9784667890,0.0,1
e4dbbb2f-5a51-341d-b5a5-dd91b968b217,ROYAL NORWELL NURSING & REHABILITATION CENTER LLC,329 WASHINGTON ST,NORWELL,MA,020611737,42.16319935,-70.86354427737673,7816594901,0.0,4
0d1570ab-371c-3898-9397-95905d8c5166,TUFTS MEDICAL CENTER  INC,750 WASHINGTON ST,BOSTON,MA,021111552,42.3499038,-71.0631836,6176365442,0.0,85
1853aeef-5897-326a-80d6-aa4b0459eb6d,BARRINGTON URGENT CARE PC,381 WICKENDEN ST,ATTLEBORO,MA,027032247,41.9438129,-71.2806515,4014337550,0.0,145
f3030ee3-dfa5-3595-b684-9769e52a580a,OVERLOOK HOSPICE SERVICES,88 MASONIC HOME ROAD  DAVENPORT BLDG  2ND FL,WEST SPRINGFIELD,MA,010891357,42.105237,-72.6213712,5087651515,0.0,1
2ca615f3-87f7-3283-a447-d919a883b676,HANOVER FAMILY HEALTH & URGENT CARE PC,1399 WASHINGTON ST,HANOVER,MA,023391653,42.1441354,-70.8440854,7818290895,0.0,17
7f32dd7d-5c35-3ddb-839b-8fbbb930d412,ST PATRICK'S MANOR,863 CENTRAL STREET,FRAMINGHAM,MA,017014813,42.30758060362541,-71.42846215724606,5088798000,0.0,14
0a689d33-2b0d-3942-8de8-e28812e91c69,MEASURED WELLNESS LLC,47 SEAVERNS AVE # 5,BROOKLINE,MA,024463806,42.3317642,-71.1211635,5137482498,0.0,143
d36eba4a-0dfb-3a26-b9fe-eb74594bbe3c,PARSONS HILL MA SNF LLC,1350 MAIN ST,WORCESTER,MA,016031550,42.2416259,-71.85047518091996,5087914200,0.0,1
0be0e035-8dad-387e-bbdd-a5a469c4311f,PODIATRY HEALTHCARE P.C.,480 MAPLE ST,DANVERS,MA,019234065,42.584178050000006,-70.97197467750539,9783048403,0.0,8
3f12ebb4-e03c-3453-88d2-4fc9682383df,NEW BEDFORD INTERNAL MEDICINE & GERIATRICS  LLC,726 COUNTY ST,NORTH DARTMOUTH,MA,027473603,41.6389926,-70.9703171,5089845671,0.0,138
8ec2ca51-abb4-35dd-b90f-6c6aad6d2124,ALLIANCE HEALTH AT ROSEWOOD,22 JOHNSON STREET,PEABODY,MA,019602311,42.54644385,-70.99288129112277,9785358700,0.0,13
a35fd733-dc1a-33f0-a308-292ff5581287,PIONEER VALLEY INTERNAL MEDICINE  PC,15 STRAW AVE,FLORENCE,MA,010621491,42.335654,-72.663286,4135842333,0.0,29
b3b56527-d366-3353-bca9-266a12f23051,LYDIA TAFT HOUSE,60 QUAKER HIGHWAY,UXBRIDGE,MA,015691628,42.06100105,-71.62352848737622,5082789500,0.0,7
f1664435-2eca-3eff-bd1a-13701e7ad1bd,STANFORD HEALTH CARE,300 PASTEUR DRIVE,NEWTON,MA,024592058,42.3370414,-71.2092214,6507234000,0.0,31
125eccb3-d003-34ea-9bd8-360dff059782,NEW ENGLAND BAPTIST HOSPITAL,125 PARKER HILL AVENUE,DEDHAM,MA,020266146,42.2489143,-71.1755732,6177545800,0.0,16
c5742266-625d-3824-9ed3-4b5c6bc3e296,SPECTRUM HEALTHCARE PARTNERS PA,22 BRAMHALL ST,SCITUATE,MA,020664312,42.1939754,-70.7697128,2076622571,0.0,47
e92dad8b-f485-315a-8fc4-1d7adfdc9c00,NORTHEAST BEHAVIORAL HEALTH LLC,581 FAUNCE CORNER RD,DARTMOUTH,MA,027471242,41.676111381167445,-70.98788528176077,5082079800,0.0,323
aad05540-c9cb-3805-b3c4-f9b9d9b42b2e,RIVER'S EDGE PRIMARY CARE LLC,821 E MAIN ST STE 3,CHICOPEE,MA,010206306,42.155774795300516,-72.55672263289513,4136956774,0.0,32
2987ddf5-7ff2-3e4a-9e25-d654a10313fd,THOMAS UPHAM HOUSE,519 MAIN STREET,MEDFIELD,MA,020522522,42.186209649999995,-71.30745495273302,5083596050,0.0,2
eea92149-820f-301f-911e-b170e8312842,ST VINCENT HOSPITAL,123 SUMMER STREET,WORCESTER,MA,016102177,42.26496835,-71.79655403681465,5083635000,0.0,18
19a3afba-b409-3650-a0ab-f3faf6e391ef,ASSOCIATED PHYSICIANS OF HARVARD MEDICAL FACULTY PHYSICIANS AT BETH IS,199 REEDSDALE RD,WALTHAM,MA,024511433,42.3756401,-71.2358004,6176964600,0.0,19
0e9d0119-1157-35a0-8bb5-7e0aa3041928,CARING HEALTH CENTER  INC,1049 MAIN STREET,SPRINGFIELD,MA,011032114,42.09977055,-72.58470990760483,4136931007,0.0,125
76b7dbb5-0a02-32a4-9a01-3511f7e45016,CARDIGAN NURSING & REHABILITATION CENTER,59 COUNTRY WAY,SCITUATE,MA,020663746,42.1806871,-70.74862935148246,7815459477,0.0,2
d833e67f-4e72-331c-87e9-45e96dd28280,2101 WASHINGTON STREET OPERATING COMPANY  LLC,2101 WASHINGTON STREET,NEWTON,MA,024621519,42.3301978,-71.24996457183994,6179694660,0.0,1
c9aabcbd-d4e0-391f-8980-d0be6934ea82,VIGILANT FAMILY HEALTH CLINIC  INC.,340 PLEASANT ST,BROCKTON,MA,023013236,42.08764334999999,-71.03287346676532,8579918438,0.0,46
e68de1a0-767e-3466-b9a6-43948ee073d3,GOOD SHEPHERD COMMUNITY CARE,160 WELLS AVENUE,NEWTON,MA,024593302,42.29337605,-71.19806353028767,6179696130,0.0,35
f002fb4c-544a-3139-b3f1-439864d5474a,OC SAUGUS CENTER LLC,266 LINCOLN AVE,SAUGUS,MA,019063037,42.44952884999999,-70.99452689295308,8455444089,0.0,1
cbebae9e-f95e-3d2c-9712-289ea8d6aeec,ARBOUR HOSPITAL  THE,49 ROBINWOOD AVENUE,QUINCY,MA,021698130,42.2509914,-71.0037374,6175224400,0.0,15
1cec4304-9757-3a10-ad4f-7e2090c56131,UMASS MEMORIAL MEDICAL CENTER INC,55 LAKE AVE N,WORCESTER,MA,016550002,42.2774799,-71.76166994969458,5083340254,0.0,64
411f14a5-de79-3e08-81d6-301270cc2275,RHEUMATOLOGY AND INTERNAL MEDICINE ASSOCIATES PC,64 CONCORD STREET,WILMINGTON,MA,018872179,42.55962465,-71.13772203658047,9786641606,0.0,44
20df65a4-7567-3066-b680-0f71b0c31d38,HENRY HEYWOOD MEMORIAL HOSPITAL,242 GREEN ST,GARDNER,MA,014401336,42.58685735,-71.98748072431209,9786323420,0.0,142
5581e43d-0463-3a0b-afc7-a60aea5ac96c,GREATER LAWRENCE FAMILY HEALTH CENTER INC,57 RIVER RD,ANDOVER,MA,018101144,42.69112645,-71.19636086287642,9786868521,0.0,39
7fc42341-ad5f-3c6c-94f3-4afaa0f8a028,BAYADA HOME HEALTH CARE INC,368 FAUNCE CORNER RD,DARTMOUTH,MA,027476249,41.6633564,-70.99152756769953,5089941003,0.0,15
ce9c1582-994d-32bf-835c-474a249d2804,KINDRED AT HOME,275 MARTINE STREET  SUITE 104,FALL RIVER,MA,027231500,41.68393816525316,-71.1220830626733,5086720675,0.0,44
6ea4d3d6-d820-387a-a3d1-ed5944ad47a2,BLUESKIES WELLNESS INC,232 PLEASANT ST,METHUEN,MA,018447152,42.7397562,-71.17113575205717,9786551823,0.0,64
35eba9db-902f-32e6-b302-0e5ef8fa5c68,THE NORTHEAST HEALTH GROUP  INC,66 BROAD ST,WESTFIELD,MA,010852927,42.1165587,-72.74727440058362,4135625464,0.0,2
b7866c75-5e56-36b0-b9c5-c63051677b69,PLYMOUTH BAY INTERNAL MEDICINE,45 RESNIK RD,SANDWICH,MA,02563,41.7579043,-70.4968152,5087462696,0.0,49
845fbd9b-2d1c-39a8-8261-28ae40e4fab2,MILFORD REGIONAL MEDICAL CENTER,14 PROSPECT STREET,UPTON,MA,015681431,42.1700209025178,-71.59409308099494,5084731190,0.0,79
946ec45f-5c4a-361f-b158-927144864133,COMPASSUS - GREATER WESTERN MASSACHUSETTS,19 MIDSTATE DRIVE  SUITE 130,AUBURN,MA,015011856,42.1894693,-71.85604765,5088452379,0.0,2
bac9dc0c-cb0f-3fa6-aa12-819dd0fb922a,CAMBRIDGE PUBLIC HEALTH COMMISSION,1493 CAMBRIDGE ST,SOMERVILLE,MA,021452935,42.3875968,-71.0994968,6176651000,0.0,669
9ce6072b-d039-3cde-8eaf-950211b8ae88,MIDDLETON FAMILY MEDICINE URGENT CARE  LLC,147 S MAIN ST,MIDDLETON,MA,019492446,42.585787222720036,-71.00861442427218,9787742555,0.0,14
af8566eb-8918-3ec7-ba44-92b6a2cf8097,NORTH SHORE MEDICAL CENTER INC,81 HIGHLAND AVE,SALEM,MA,019702714,42.5112107,-70.90516241826194,9787410522,0.0,217
d4a03501-69f6-3a89-ac27-ed25976fdb6f,LIFE CARE CENTER OF STONEHAM,25 WOODLAND ROAD,STONEHAM,MA,021801705,42.450448800000004,-71.09076944938434,7816622545,0.0,1
ecd3b321-0a8a-3ce6-81f0-982dd77fce43,ANNA JAQUES HOSPITAL SUBACUTE UNIT,25 HIGHLAND AVE,NEWBURYPORT,MA,019503867,42.81369325,-70.89091645747592,9784631000,0.0,124
a036cdf2-bbc5-3ffd-987f-56e437fd8b74,WINDSOR NURSING & RETIREMENT HOME,265 N MAIN ST,SOUTH YARMOUTH,MA,026642083,41.680980000000005,-70.18292625685085,5083943514,0.0,28
9a20d707-68e4-32c0-b2b2-2f5d5c2012cd,CLARITY HEALTH & WELLNESS LLC,131 CAMBRIDGE ST STE 1,BURLINGTON,MA,018033711,42.50284395,-71.19574553661971,7812652572,0.0,28
0e6c3ad1-24c1-34cb-bb6d-e8438fa319e2,URGENT CARE OPERATIONS PC,50 DODGE ST,SWAMPSCOTT,MA,019071300,42.4699241,-70.9171507,9789222171,0.0,2
45db4ed7-a93e-3946-9c31-b567ca373de6,Boston Vet Center,7 Drydock Ave  Suite 2070,Boston,MA,02210,42.34461,-71.03728,857-203-6461,0.0,1206
63b93742-6c13-3309-92b6-f7c858e9f320,FAMILY AND COMMUNITY SOLUTIONS INC,77B WARREN ST,BRIGHTON,MA,021353601,42.348002699999995,-71.14205064012461,6177871901,0.0,5
05fcf001-ab24-3d7d-85f7-f64942d82738,ENCOMPASS HEALTH BRAINTREE HOSPITAL OF BRAINTREE,250 POND STREET,FRAMINGHAM,MA,017014592,42.2838619,-71.4093719,7818485353,0.0,481
7e6db51f-7c1b-3555-9e1c-6269ba6d704d,ACCLAIM HOME HEALTH CARE  INC,120 STAFFORD STREET SUITE 206,WORCESTER,MA,016031461,42.239638,-71.8443785891577,5084596937,0.0,2
e7b77e8f-b607-3273-aef9-ad1bca48813f,ZION HEALTH & WELLNESS LLC,209 W CENTRAL ST STE 216,NATICK,MA,017603716,42.28202598359604,-71.3899479380402,7745970925,0.0,59
28d71598-85eb-3a0e-90c1-22e0be1af57c,PARADIGM HEALTHCARE  PC,38 MULBERRY ST STE 204,NORTHAMPTON,MA,010602832,42.35436315,-72.70256804599192,4133550761,0.0,28
b8d40f5c-9e4d-3639-89ef-8bf375cb3184,NEW ENGLAND HOSPICE II LLC,190 OLD DERBY STREET,HINGHAM,MA,020434065,42.1807101,-70.9170852970031,7817492900,0.0,1
7d627533-adbd-320a-9054-db91a2811597,CEDAR VIEW OPERATOR LLC,480 JACKSON ST,METHUEN,MA,018444020,42.7327291,-71.16807304424162,9786863906,0.0,1
e5d50afe-8c7d-35f5-96f5-fb8941403b0f,VMD PRIMARY PROVIDERS MASSACHUSETTS PLLC,125 S CLARK ST STE 900,FALL RIVER,MA,02722,41.74223,-71.129706,3124657900,0.0,124
9adfae03-673d-365d-9052-f705098fa3e4,THE SHRINERS HOSPITAL FOR CHILDREN,51 BLOSSOM ST,BOSTON,MA,021142699,42.36305545,-71.06643399281765,1617722300,0.0,22
25431f9a-00e4-36d8-9810-4125328eec50,THE GENERAL HOSPITAL CORPORATION,55 FRUIT ST,WALTHAM,MA,02451,42.3756401,-71.2358004,6177262000,0.0,100
89171335-b9c0-3326-98d6-a837d432b9fd,WHITTIER REHABILTATION HOSPITAL,150 FLANDERS ROAD,LYNN,MA,019042915,42.466763,-70.9494939,5088712063,0.0,194
01bde980-bf89-3138-8912-7360dff33247,LE & CHANG FAMILY URGENT CARE PC,456 PARK AVE,WORCESTER,MA,016101254,42.25512735,-71.82580924803523,5086851517,0.0,96
217cb6f6-e822-3831-9d9d-ffa104971042,ENCOMPASS HEALTH REHABILITATION HOSP OF NEW ENGLAN,2 REHABILITATION WAY,WOBURN,MA,018016003,42.46352265,-71.161925472006,7819355050,0.0,1
e2a8b444-9b8f-36ff-84c4-05ee98589482,WHITLEY WELLNESS LLC,8 SHIPWAY PL # C-8,CHARLESTOWN,MA,021294301,42.3778749,-71.0619957,3254399799,0.0,39
71f4c23f-7559-31ff-8f42-a672e80b85a2,SPAULDING REHABILITATION HOSPITAL,300 FIRST AVENUE,WESTBOROUGH,MA,015812831,42.2694308,-71.6129907,6177206400,0.0,155
05f80ed8-6a7a-3728-8b5c-c5c995c8244a,VA Boston Healthcare System  Jamaica Plain Campus,150 South Huntington Avenue,Jamaica Plain,MA,02130,42.32809,-71.11076,617-232-9500,0.0,1240
121b0ad1-1beb-3caa-9271-3d3f726bb727,PATRIOT URGENT CARE PROFESSIONALS PC,1030 MAIN STREET,WALTHAM,MA,024517447,42.375828,-71.2527956,7818946900,0.0,652
43f37d29-0bcb-3d84-b9c0-9ee4f2485ff2,TAG VIRTUAL WELLNESS LLC,168 WALTON RD UNIT 19,ROWLEY,MA,019692014,42.7136977,-70.8818364,6172939978,0.0,47
883f57b8-89c6-3dc4-b6da-047705c88623,SOUTHCOAST HOSPITALS GROUP INC,363 HIGHLAND AVE,FALL RIVER,MA,027203703,41.7093779,-71.1460783680883,5086793131,0.0,92
11a40a26-a5a3-331d-aef0-d06dd90e2b4e,CAPE COD PRIMARY CARE LLC,10 OSTERVILLE WEST BARNSTABLE RD,YARMOUTH PORT,MA,026752000,41.7020544,-70.249465,5084282620,0.0,37
b954c464-11ea-312b-a3f8-1350775bfa54,CHELSEA JEWISH HOSPICE AND PALLIATIVE CARE,123 CAPTAIN'S ROW,CHELSEA,MA,021504019,42.3917638,-71.0328284,6178890779,0.0,3
4d3ec6c2-f6aa-3d7b-adcc-e7107dac8530,LIFE CARE CENTER OF AUBURN,14 MASONIC CIRCLE,AUBURN,MA,015011341,42.181923125,-71.86839612499999,5088324800,0.0,15
95f6c328-96dd-3fb8-a56e-9aad566094b4,EXCEL HOME CARE SERVICES INC,4 STONY HILL ROAD,WILBRAHAM,MA,010951027,42.1552861,-72.48384800788648,4135832005,0.0,2
485ae27b-c5ba-3fd0-9a16-c9eea20be185,KINDRED  HOSPICE,275 MARTINE STREET  SUITE 202,FALL RIVER,MA,027231518,41.68393816525316,-71.1220830626733,5086720580,0.0,19
da2e8443-a0d6-3e87-b651-e2697615f4b5,NEWTON-WELLESLEY INTERNISTS  P.C.,2000 WASHINGTON ST,NEWTON,MA,024621624,42.332192250000006,-71.24597794166553,6179645020,0.0,50
47602b5b-f4aa-3c73-aa26-2268ccf7a83c,HUNT NURSING & REHAB CENTER,90 LINDALL STREET,DANVERS,MA,019232125,42.574712149999996,-70.94359556912616,9787773740,0.0,2
528231d3-78b8-39ec-a3d0-fea14af9462a,OC TWIN OAKS CENTER LLC,63 LOCUST ST,DANVERS,MA,019232240,42.57284679999999,-70.93631390759089,9787770011,0.0,2
02d7b144-352f-3eac-97db-6fc4a95bf1fa,LASELL HOUSE,120 SEMINARY AVENUE,AUBURNDALE,MA,024662650,42.34002614299451,-71.24911543639162,6176637000,0.0,7
5c9dea98-c535-36fe-8a7b-778b991a7b2c,Springfield Vet Center,95 Ashley Avenue  Suite A,West Springfield,MA,01089,42.139397,-72.62382,413-737-5167 Or 413-737-5167,0.0,32
c05d73d0-b348-32ce-9fe5-13a720950f37,URGENT HELP CHELMSFORD PC,45 DRUM HILL RD,CHELMSFORD,MA,018241503,42.6255635,-71.3615131,9784467515,0.0,4
ac0fde88-b0ad-3388-a4a8-b8fc2a4f4af2,NEW ENGLAND SINAI HOSPITAL,150 YORK STREET,STOUGHTON,MA,020729105,42.144646800000004,-71.09875876961266,7813644850,0.0,150
d70d47dc-b40c-3a04-8342-35cbfe716409,SENIOR HEALTHCARE ASSOCIATES INC,83 LITTLEFIELD RD,NEWTON,MA,024593010,42.3104327,-71.18883283411856,7816421859,0.0,28
0592d4e5-a0fb-3143-83cd-8e5a6b066a96,SOUTH SHORE PRIMARY AND URGENT CARE LLC,20 EAST ST,HANOVER,MA,023391638,42.1278249,-70.82664947485381,7815610460,0.0,6
7b5bf0fc-c5c0-3f22-980b-fdfff326a9b4,WOONSOCKET URGENT CARE PC,40 CUMBERLAND AVE,NORTH ATTLEBORO,MA,027604445,41.9316677,-71.35407469790115,7812550500,0.0,1
104079d4-560e-3eb8-9a48-d495835a3997,HYANNIS FAMILY MEDICAL CARE PC,68 CAMP ST,MASHPEE,MA,026493465,41.6484421,-70.4811383,7744701370,0.0,49
